	stripped grant id	pubmed	pmc	mesh	books	pubmedhealth	omim	ncbisearch	nuccore	nucgss	nucest	protein	genome	structure	taxonomy	snp	dbvar	gene	sra	biosystems	unigene	cdd	clone	popset	geoprofiles	gds	homologene	pccompound	pcsubstance	pcassay	nlmcatalog	probe	gap	proteinclusters	bioproject	biosample	biocollections
0	AI151810	70	84	0	0	Error	0	0	1	0	0	0	0	0	0	0	0	0	0	Error	0	0	0	0	0	0	0	0	0	0	0	0	0	0	0	0	0
1	AI151812	63	51	0	0	Error	0	0	1	0	0	0	0	0	0	0	0	0	0	Error	0	0	0	0	0	0	0	0	0	0	0	0	0	0	3	0	0
2	AI151698	115	117	0	0	Error	0	0	1	0	0	0	0	0	0	0	0	0	0	Error	0	0	0	0	0	0	0	0	0	0	0	0	0	0	0	0	0
3	AI151799	7	4	0	0	Error	0	0	1	0	0	0	0	0	0	0	0	0	0	Error	0	0	0	0	0	0	0	0	0	0	0	0	0	0	0	0	0
4	AI151807	38	28	0	0	Error	0	0	1	0	0	0	0	0	0	0	0	0	0	Error	0	0	0	0	0	0	0	0	0	0	0	0	0	0	0	0	0
5	AI151801	31	17	0	0	Error	0	0	1	0	0	0	0	0	0	0	0	0	0	Error	0	0	0	0	0	0	0	0	0	0	0	0	0	0	2	0	0
6	AI151797	22	19	0	0	Error	0	0	1	0	0	0	0	0	0	0	0	0	0	Error	0	0	0	0	0	0	0	0	0	0	0	0	0	0	0	0	0
7	AI151814	13	6	0	0	Error	0	0	1	0	0	0	0	0	0	0	0	0	0	Error	0	0	0	0	0	0	0	0	0	0	0	0	0	0	0	0	0
8	AI151758	17	10	0	0	Error	0	0	1	0	0	0	0	0	0	0	0	0	0	Error	0	0	0	0	0	0	0	0	0	0	0	0	0	0	0	0	0
9	AI151788	44	38	0	0	Error	0	0	1	0	0	0	0	0	0	0	0	0	0	Error	0	0	0	0	0	0	0	0	0	0	0	0	0	0	0	0	0
